"","ID","Description","GeneRatio","BgRatio","RichFactor","FoldEnrichment","zScore","pvalue","p.adjust","qvalue","geneID","Count"
"DOID:0080599","DOID:0080599","Coronavirus infectious disease","6/12","138/7865",0.0434782608695652,28.4963768115942,12.7380847649141,2.21803568099757e-08,4.14772672346546e-06,3.1052499533966e-06,"CEACAM8/HP/SLPI/ELANE/SERPING1/MMP8",6
"DOID:934","DOID:934","viral infectious disease","7/12","336/7865",0.0208333333333333,13.6545138888889,9.2670399154493,1.60725855662335e-07,1.50278675044283e-05,1.12508098963635e-05,"RSAD2/CEACAM8/HP/SLPI/ELANE/SERPING1/MMP8",7
"DOID:3454","DOID:3454","brain infarction","5/12","249/7865",0.0200803212851406,13.1609772423025,7.6225320364163,2.01703136599018e-05,0.00125728288480054,0.00094128130412875,"HP/SLPI/ELANE/SERPING1/MMP8",5
"DOID:2945","DOID:2945","severe acute respiratory syndrome","3/12","58/7865",0.0517241379310345,33.9008620689655,9.8304582096491,7.98807351404056e-05,0.00317246574384718,0.00237510804352195,"CEACAM8/HP/SLPI",3
"DOID:6713","DOID:6713","cerebrovascular disease","5/12","348/7865",0.014367816091954,9.4169061302682,6.27790019797276,0.000100895359143611,0.00317246574384718,0.00237510804352195,"HP/SLPI/ELANE/SERPING1/MMP8",5
"DOID:3083","DOID:3083","chronic obstructive pulmonary disease","4/12","181/7865",0.0220994475138122,14.4843462246777,7.17414385768212,0.000116241234794162,0.00317246574384718,0.00237510804352195,"MPO/HP/SLPI/ELANE",4
"DOID:2320","DOID:2320","obstructive lung disease","4/12","182/7865",0.021978021978022,14.4047619047619,7.15194158420272,0.000118755402176098,0.00317246574384718,0.00237510804352195,"MPO/HP/SLPI/ELANE",4
"DOID:3526","DOID:3526","cerebral infarction","4/12","207/7865",0.0193236714975845,12.6650563607085,6.64827399798564,0.00019544996213457,0.00456864286489557,0.00342037433735497,"HP/SLPI/ELANE/SERPING1",4
"DOID:0080600","DOID:0080600","COVID-19","3/12","83/7865",0.036144578313253,23.6897590361446,8.12302693661533,0.000232795749283159,0.00483697834621676,0.00362126721107137,"ELANE/SERPING1/MMP8",3
"DOID:3525","DOID:3525","middle cerebral artery infarction","3/12","143/7865",0.020979020979021,13.75,6.01461567191839,0.00114803074460539,0.0214681749241208,0.0160724304244754,"HP/SLPI/ELANE",3
"DOID:850","DOID:850","lung disease","4/12","367/7865",0.0108991825613079,7.14350590372389,4.7116299173072,0.00171242867383714,0.0290054696275449,0.0217153248548465,"MPO/HP/SLPI/ELANE",4
"DOID:14115","DOID:14115","toxic shock syndrome","2/12","43/7865",0.0465116279069767,30.484496124031,7.57815718290254,0.00186131355898684,0.0290054696275449,0.0217153248548465,"ELANE/SERPING1",2
"DOID:0050339","DOID:0050339","commensal bacterial infectious disease","2/12","49/7865",0.0408163265306122,26.7517006802721,7.06815813145585,0.00241173727948957,0.0346919131741961,0.02597255531758,"ELANE/SERPING1",2
"DOID:0050161","DOID:0050161","lower respiratory tract disease","4/12","482/7865",0.00829875518672199,5.43914246196404,3.93188443205529,0.00464451146414597,0.0620374031282355,0.0464451146414597,"MPO/HP/SLPI/ELANE",4
"DOID:3021","DOID:3021","acute kidney failure","2/12","106/7865",0.0188679245283019,12.3663522012579,4.6053828833623,0.0108745258642391,0.135569089107514,0.101495574732898,"MPO/HP",2
"DOID:37","DOID:37","skin disease","3/12","336/7865",0.00892857142857143,5.85193452380952,3.55312509781735,0.0127506679742147,0.147719456957462,0.110592106813073,"TNFAIP6/MPO/SERPING1",3
"DOID:5844","DOID:5844","myocardial infarction","3/12","350/7865",0.00857142857142857,5.61785714285714,3.45465433988217,0.0142422971270624,0.147719456957462,0.110592106813073,"HP/SLPI/SERPING1",3
"DOID:0060178","DOID:0060178","familial hemiplegic migraine","1/12","10/7865",0.1,65.5416666666667,7.98291781286345,0.0151617566118529,0.147719456957462,0.110592106813073,"CACNA1E",1
"DOID:1558","DOID:1558","angioedema","1/12","10/7865",0.1,65.5416666666667,7.98291781286345,0.0151617566118529,0.147719456957462,0.110592106813073,"SERPING1",1
"DOID:16","DOID:16","integumentary system disease","3/12","366/7865",0.00819672131147541,5.37226775956284,3.34842204924318,0.0160667434089778,0.147719456957462,0.110592106813073,"TNFAIP6/MPO/SERPING1",3
"DOID:2224","DOID:2224","essential thrombocythemia","1/12","11/7865",0.0909090909090909,59.5833333333333,7.60010425508802,0.0166662835272774,0.147719456957462,0.110592106813073,"ELANE",1
"DOID:0050590","DOID:0050590","severe congenital neutropenia","1/12","12/7865",0.0833333333333333,54.6180555555556,7.26571672060655,0.0181687032621477,0.147719456957462,0.110592106813073,"ELANE",1
"DOID:12554","DOID:12554","hemolytic-uremic syndrome","1/12","12/7865",0.0833333333333333,54.6180555555556,7.26571672060655,0.0181687032621477,0.147719456957462,0.110592106813073,"HP",1
"DOID:14067","DOID:14067","Plasmodium falciparum malaria","1/12","13/7865",0.0769230769230769,50.4166666666667,6.97026925344249,0.0196690184997458,0.15224124496506,0.113977402647638,"HP",1
"DOID:10024","DOID:10024","migraine with aura","1/12","14/7865",0.0714285714285714,46.8154761904762,6.70669120570871,0.0211672319202757,0.15224124496506,0.113977402647638,"CACNA1E",1
"DOID:4677","DOID:4677","keratitis","1/12","14/7865",0.0714285714285714,46.8154761904762,6.70669120570871,0.0211672319202757,0.15224124496506,0.113977402647638,"TNFAIP6",1
"DOID:11247","DOID:11247","disseminated intravascular coagulation","1/12","16/7865",0.0625,40.9635416666667,6.2547704107329,0.0241573640155963,0.164188465937203,0.122921846156194,"ELANE",1
"DOID:3082","DOID:3082","interstitial lung disease","2/12","163/7865",0.0122699386503067,8.04192229038855,3.55122222457366,0.0245843692312389,0.164188465937203,0.122921846156194,"MPO/ELANE",2
"DOID:104","DOID:104","bacterial infectious disease","2/12","175/7865",0.0114285714285714,7.49047619047619,3.3941184322989,0.0280630003419116,0.170507583301201,0.127652736161327,"ELANE/SERPING1",2
"DOID:3393","DOID:3393","coronary artery disease","3/12","453/7865",0.00662251655629139,4.34050772626932,2.86278315409023,0.0282802125062586,0.170507583301201,0.127652736161327,"HP/SLPI/SERPING1",3
"DOID:10247","DOID:10247","pleurisy","1/12","20/7865",0.05,32.7708333333333,5.56085674070734,0.0301125239898072,0.170507583301201,0.127652736161327,"ELANE",1
"DOID:784","DOID:784","chronic kidney disease","2/12","191/7865",0.0104712041884817,6.8630017452007,3.20641983458575,0.0329955849097832,0.170507583301201,0.127652736161327,"MPO/HP",2
"DOID:11758","DOID:11758","iron deficiency anemia","1/12","22/7865",0.0454545454545455,29.7916666666667,5.28605424220001,0.0330775944822713,0.170507583301201,0.127652736161327,"HP",1
"DOID:60001","DOID:60001","pulmonary artery disease","1/12","23/7865",0.0434782608695652,28.4963768115942,5.16203026514684,0.0345570116525136,0.170507583301201,0.127652736161327,"HP",1
"DOID:916","DOID:916","liver benign neoplasm","1/12","23/7865",0.0434782608695652,28.4963768115942,5.16203026514684,0.0345570116525136,0.170507583301201,0.127652736161327,"HP",1
"DOID:9477","DOID:9477","pulmonary embolism","1/12","23/7865",0.0434782608695652,28.4963768115942,5.16203026514684,0.0345570116525136,0.170507583301201,0.127652736161327,"HP",1
"DOID:2226","DOID:2226","myeloproliferative neoplasm","1/12","24/7865",0.0416666666666667,27.3090277777778,5.04567496105159,0.0360343536392731,0.170507583301201,0.127652736161327,"ELANE",1
"DOID:13378","DOID:13378","Kawasaki disease","1/12","25/7865",0.04,26.2166666666667,4.93621681779725,0.0375096230891306,0.170507583301201,0.127652736161327,"HP",1
"DOID:1602","DOID:1602","lymphadenitis","1/12","25/7865",0.04,26.2166666666667,4.93621681779725,0.0375096230891306,0.170507583301201,0.127652736161327,"HP",1
"DOID:9942","DOID:9942","lymph node disease","1/12","25/7865",0.04,26.2166666666667,4.93621681779725,0.0375096230891306,0.170507583301201,0.127652736161327,"HP",1
"DOID:12241","DOID:12241","beta thalassemia","1/12","26/7865",0.0384615384615385,25.2083333333333,4.83298902754363,0.0389828226456266,0.170507583301201,0.127652736161327,"HP",1
"DOID:1227","DOID:1227","neutropenia","1/12","26/7865",0.0384615384615385,25.2083333333333,4.83298902754363,0.0389828226456266,0.170507583301201,0.127652736161327,"ELANE",1
"DOID:5082","DOID:5082","liver cirrhosis","2/12","212/7865",0.00943396226415094,6.18317610062893,2.99049179336712,0.0399553789549287,0.170507583301201,0.127652736161327,"MPO/HP",2
"DOID:1532","DOID:1532","pleural disease","1/12","27/7865",0.037037037037037,24.2746913580247,4.73541188485552,0.0404539549492692,0.170507583301201,0.127652736161327,"ELANE",1
"DOID:1273","DOID:1273","respiratory syncytial virus infectious disease","1/12","29/7865",0.0344827586206897,22.6005747126437,4.55524424688791,0.0433900283448629,0.170507583301201,0.127652736161327,"RSAD2",1
"DOID:12987","DOID:12987","agranulocytosis","1/12","29/7865",0.0344827586206897,22.6005747126437,4.55524424688791,0.0433900283448629,0.170507583301201,0.127652736161327,"ELANE",1
"DOID:2452","DOID:2452","thrombophilia","1/12","30/7865",0.0333333333333333,21.8472222222222,4.4718157319986,0.044854974702681,0.170507583301201,0.127652736161327,"ELANE",1
"DOID:6364","DOID:6364","migraine","1/12","30/7865",0.0333333333333333,21.8472222222222,4.4718157319986,0.044854974702681,0.170507583301201,0.127652736161327,"CACNA1E",1
"DOID:4251","DOID:4251","conjunctival disease","1/12","31/7865",0.032258064516129,21.1424731182796,4.39234487835908,0.0463178643393839,0.170507583301201,0.127652736161327,"TNFAIP6",1
"DOID:848","DOID:848","arthritis","2/12","231/7865",0.00865800865800866,5.67460317460317,2.81883229505751,0.0467005765132746,0.170507583301201,0.127652736161327,"HP/MMP8",2
"DOID:0080162","DOID:0080162","lupus nephritis","1/12","32/7865",0.03125,20.4817708333333,4.31652174411077,0.0477786998803499,0.170507583301201,0.127652736161327,"MPO",1
"DOID:10241","DOID:10241","thalassemia","1/12","33/7865",0.0303030303030303,19.8611111111111,4.24406943707211,0.0492374839479405,0.170507583301201,0.127652736161327,"HP",1
"DOID:1591","DOID:1591","renovascular hypertension","1/12","33/7865",0.0303030303030303,19.8611111111111,4.24406943707211,0.0492374839479405,0.170507583301201,0.127652736161327,"MPO",1
"DOID:874","DOID:874","bacterial pneumonia","1/12","33/7865",0.0303030303030303,19.8611111111111,4.24406943707211,0.0492374839479405,0.170507583301201,0.127652736161327,"MPO",1
"DOID:3342","DOID:3342","bone inflammation disease","2/12","244/7865",0.00819672131147541,5.37226775956284,2.71200358655784,0.0515475672129062,0.17157922522552,0.128455034928197,"HP/MMP8",2
"DOID:0080998","DOID:0080998","acute necrotizing pancreatitis","1/12","35/7865",0.0285714285714286,18.7261904761905,4.1083092706999,0.0521489081373758,0.17157922522552,0.128455034928197,"SERPING1",1
"DOID:14004","DOID:14004","thoracic aortic aneurysm","1/12","36/7865",0.0277777777777778,18.2060185185185,4.04457661528258,0.0536015534888901,0.17157922522552,0.128455034928197,"MMP8",1
"DOID:1679","DOID:1679","cystitis","1/12","37/7865",0.027027027027027,17.713963963964,3.98335939243579,0.0550521578263702,0.17157922522552,0.128455034928197,"MPO",1
"DOID:2018","DOID:2018","hyperinsulinism","1/12","37/7865",0.027027027027027,17.713963963964,3.98335939243579,0.0550521578263702,0.17157922522552,0.128455034928197,"HP",1
"DOID:898","DOID:898","autosomal dominant polycystic kidney disease","1/12","37/7865",0.027027027027027,17.713963963964,3.98335939243579,0.0550521578263702,0.17157922522552,0.128455034928197,"SERPING1",1
"DOID:3117","DOID:3117","hepatobiliary benign neoplasm","1/12","39/7865",0.0256410256410256,16.8055555555556,3.8678241797196,0.057947253885533,0.171590827142363,0.128463720855245,"HP",1
"DOID:6000","DOID:6000","congestive heart failure","2/12","261/7865",0.00766283524904215,5.02234993614304,2.5832927607261,0.0581553827338244,0.171590827142363,0.128463720855245,"HP/MMP8",2
"DOID:583","DOID:583","hemolytic anemia","1/12","40/7865",0.025,16.3854166666667,3.81321823819451,0.0593917508128746,0.171590827142363,0.128463720855245,"HP",1
"DOID:409","DOID:409","liver disease","2/12","265/7865",0.00754716981132075,4.94654088050314,2.55462597309544,0.0597528919349643,0.171590827142363,0.128463720855245,"MPO/HP",2
"DOID:615","DOID:615","leukopenia","1/12","41/7865",0.024390243902439,15.9857723577236,3.76054868310099,0.0608342171375063,0.171590827142363,0.128463720855245,"ELANE",1
"DOID:0050848","DOID:0050848","obstructive sleep apnea","1/12","42/7865",0.0238095238095238,15.6051587301587,3.7097004102574,0.0622746554547804,0.171590827142363,0.128463720855245,"HP",1
"DOID:9408","DOID:9408","acute myocardial infarction","1/12","42/7865",0.0238095238095238,15.6051587301587,3.7097004102574,0.0622746554547804,0.171590827142363,0.128463720855245,"SERPING1",1
"DOID:2841","DOID:2841","asthma","2/12","273/7865",0.00732600732600733,4.8015873015873,2.4989799335461,0.0629951672412587,0.171590827142363,0.128463720855245,"MPO/HP",2
"DOID:11612","DOID:11612","polycystic ovary syndrome","1/12","43/7865",0.0232558139534884,15.2422480620155,3.66056770981667,0.0637130683570608,0.171590827142363,0.128463720855245,"SLPI",1
"DOID:1176","DOID:1176","bronchial disease","2/12","277/7865",0.0072202166064982,4.73225030084236,2.47196069958765,0.0646395053110219,0.171590827142363,0.128463720855245,"MPO/HP",2
"DOID:9675","DOID:9675","pulmonary emphysema","1/12","44/7865",0.0227272727272727,14.8958333333333,3.61305330161146,0.0651494584337313,0.171590827142363,0.128463720855245,"ELANE",1
"DOID:12365","DOID:12365","malaria","1/12","47/7865",0.0212765957446809,13.9450354609929,3.47935640070631,0.0694465175592266,0.176039746062163,0.131794462292529,"HP",1
"DOID:161","DOID:161","keratosis","1/12","47/7865",0.0212765957446809,13.9450354609929,3.47935640070631,0.0694465175592266,0.176039746062163,0.131794462292529,"MPO",1
"DOID:1074","DOID:1074","kidney failure","2/12","289/7865",0.0069204152249135,4.53575547866205,2.39389853013767,0.0696627872117652,0.176039746062163,0.131794462292529,"MPO/HP",2
"DOID:0050847","DOID:0050847","sleep apnea","1/12","49/7865",0.0204081632653061,13.3758503401361,3.39684234068182,0.0723011568529033,0.177898899098591,0.133186341571138,"HP",1
"DOID:2913","DOID:2913","acute pancreatitis","1/12","49/7865",0.0204081632653061,13.3758503401361,3.39684234068182,0.0723011568529033,0.177898899098591,0.133186341571138,"SERPING1",1
"DOID:1073","DOID:1073","renal hypertension","1/12","52/7865",0.0192307692307692,12.6041666666667,3.28171826474625,0.0765680670691146,0.181076823641489,0.135565536416088,"MPO",1
"DOID:11130","DOID:11130","secondary hypertension","1/12","52/7865",0.0192307692307692,12.6041666666667,3.28171826474625,0.0765680670691146,0.181076823641489,0.135565536416088,"MPO",1
"DOID:1414","DOID:1414","ovarian dysfunction","1/12","52/7865",0.0192307692307692,12.6041666666667,3.28171826474625,0.0765680670691146,0.181076823641489,0.135565536416088,"SLPI",1
"DOID:75","DOID:75","lymphatic system disease","1/12","53/7865",0.0188679245283019,12.3663522012579,3.2454319200768,0.0779863677468529,0.181076823641489,0.135565536416088,"HP",1
"DOID:7693","DOID:7693","abdominal aortic aneurysm","1/12","54/7865",0.0185185185185185,12.1373456790123,3.2101094281173,0.0794026713294228,0.181076823641489,0.135565536416088,"MMP8",1
"DOID:824","DOID:824","periodontitis","1/12","54/7865",0.0185185185185185,12.1373456790123,3.2101094281173,0.0794026713294228,0.181076823641489,0.135565536416088,"ELANE",1
"DOID:9500","DOID:9500","leukocyte disease","1/12","55/7865",0.0181818181818182,11.9166666666667,3.17570720328163,0.0808169803735974,0.182081630480274,0.136317798220526,"ELANE",1
"DOID:3407","DOID:3407","carotid artery disease","1/12","58/7865",0.0172413793103448,11.3002873563218,3.07762587470957,0.085047965799297,0.189332971481768,0.141746609665495,"MMP8",1
"DOID:11335","DOID:11335","sarcoidosis","1/12","59/7865",0.0169491525423729,11.1087570621469,3.04652024570826,0.0864543221987344,0.190199508837216,0.14239535420968,"HP",1
"DOID:2871","DOID:2871","endometrial carcinoma","1/12","60/7865",0.0166666666666667,10.9236111111111,3.01615381076686,0.0878586967995054,0.19104158490125,0.143025785487567,"MMP8",1
"DOID:11252","DOID:11252","microcytic anemia","1/12","62/7865",0.0161290322580645,10.5712365591398,2.95751985040102,0.0906615107586771,0.192655710362189,0.144234221661532,"HP",1
"DOID:365","DOID:365","bladder disease","1/12","62/7865",0.0161290322580645,10.5712365591398,2.95751985040102,0.0906615107586771,0.192655710362189,0.144234221661532,"MPO",1
"DOID:10124","DOID:10124","corneal disease","1/12","65/7865",0.0153846153846154,10.0833333333333,2.87441324628042,0.0948509315908236,0.196424815000321,0.147056011230187,"TNFAIP6",1
"DOID:3388","DOID:3388","periodontal disease","1/12","65/7865",0.0153846153846154,10.0833333333333,2.87441324628042,0.0948509315908236,0.196424815000321,0.147056011230187,"ELANE",1
"DOID:3310","DOID:3310","atopic dermatitis","1/12","66/7865",0.0151515151515152,9.93055555555556,2.84790541134512,0.0962434686191453,0.196424815000321,0.147056011230187,"TNFAIP6",1
"DOID:74","DOID:74","hematopoietic system disease","2/12","349/7865",0.00573065902578797,3.7559694364852,2.05867742154147,0.0966368073798369,0.196424815000321,0.147056011230187,"HP/ELANE",2
"DOID:3118","DOID:3118","hepatobiliary disease","2/12","353/7865",0.0056657223796034,3.7134088762984,2.03901011937155,0.0985352720710003,0.198130063196528,0.148332667633764,"MPO/HP",2
"DOID:4195","DOID:4195","hyperglycemia","1/12","70/7865",0.0142857142857143,9.36309523809524,2.74727781719679,0.101794001044182,0.202505087183638,0.151608086661547,"HP",1
"DOID:2916","DOID:2916","hypersensitivity reaction type IV disease","1/12","73/7865",0.0136986301369863,8.9783105022831,2.67696361991249,0.105936374251381,0.208527389315877,0.156116762054667,"HP",1
"DOID:535","DOID:535","sleep disorder","1/12","75/7865",0.0133333333333333,8.73888888888889,2.63229822481659,0.108688219635396,0.211715594498115,0.158503653634952,"HP",1
"DOID:3042","DOID:3042","allergic contact dermatitis","1/12","77/7865",0.012987012987013,8.51190476190476,2.5892682206472,0.111432298927944,0.212631019382914,0.159188998468492,"TNFAIP6",1
"DOID:3068","DOID:3068","glioblastoma","1/12","77/7865",0.012987012987013,8.51190476190476,2.5892682206472,0.111432298927944,0.212631019382914,0.159188998468492,"SERPING1",1
"DOID:2773","DOID:2773","contact dermatitis","1/12","79/7865",0.0126582278481013,8.2964135021097,2.54777083020195,0.114168632058679,0.213909300053308,0.16014600003991,"TNFAIP6",1
"DOID:1936","DOID:1936","atherosclerosis","1/12","80/7865",0.0125,8.19270833333333,2.52756720406515,0.115533900028792,0.213909300053308,0.16014600003991,"HP",1
"DOID:2348","DOID:2348","arteriosclerotic cardiovascular disease","1/12","80/7865",0.0125,8.19270833333333,2.52756720406515,0.115533900028792,0.213909300053308,0.16014600003991,"HP",1
"DOID:552","DOID:552","pneumonia","1/12","85/7865",0.0117647058823529,7.71078431372549,2.43157417248635,0.122331353086486,0.216828737904559,0.162331675436569,"MPO",1
"DOID:0050624","DOID:0050624","gastrointestinal system benign neoplasm","1/12","87/7865",0.0114942528735632,7.53352490421456,2.39534340639811,0.12503689994709,0.216828737904559,0.162331675436569,"HP",1
"DOID:0060056","DOID:0060056","hypersensitivity reaction disease","1/12","87/7865",0.0114942528735632,7.53352490421456,2.39534340639811,0.12503689994709,0.216828737904559,0.162331675436569,"HP",1
"DOID:0080322","DOID:0080322","polycystic kidney disease","1/12","87/7865",0.0114942528735632,7.53352490421456,2.39534340639811,0.12503689994709,0.216828737904559,0.162331675436569,"SERPING1",1
"DOID:865","DOID:865","vasculitis","1/12","87/7865",0.0114942528735632,7.53352490421456,2.39534340639811,0.12503689994709,0.216828737904559,0.162331675436569,"MPO",1
"DOID:0050866","DOID:0050866","oral squamous cell carcinoma","1/12","88/7865",0.0113636363636364,7.44791666666667,2.37765741423418,0.126386804447043,0.216828737904559,0.162331675436569,"HP",1
"DOID:1485","DOID:1485","cystic fibrosis","1/12","88/7865",0.0113636363636364,7.44791666666667,2.37765741423418,0.126386804447043,0.216828737904559,0.162331675436569,"MPO",1
"DOID:2789","DOID:2789","parasitic protozoa infectious disease","1/12","88/7865",0.0113636363636364,7.44791666666667,2.37765741423418,0.126386804447043,0.216828737904559,0.162331675436569,"HP",1
"DOID:3627","DOID:3627","aortic aneurysm","1/12","89/7865",0.0112359550561798,7.36423220973783,2.36024709243815,0.127734799605411,0.217149159329199,0.16257156313416,"MMP8",1
"DOID:4448","DOID:4448","macular degeneration","1/12","92/7865",0.0108695652173913,7.12409420289855,2.30959600189306,0.131767353571095,0.218279219839329,0.163417597740674,"SERPING1",1
"DOID:8398","DOID:8398","osteoarthritis","1/12","92/7865",0.0108695652173913,7.12409420289855,2.30959600189306,0.131767353571095,0.218279219839329,0.163417597740674,"MMP8",1
"DOID:1324","DOID:1324","lung cancer","2/12","420/7865",0.00476190476190476,3.12103174603175,1.74636106252468,0.13190134674783,0.218279219839329,0.163417597740674,"MPO/HP",2
"DOID:4989","DOID:4989","pancreatitis","1/12","93/7865",0.010752688172043,7.04749103942652,2.29321560573335,0.133107735889009,0.218343391326708,0.16346564056545,"SERPING1",1
"DOID:2975","DOID:2975","cystic kidney disease","1/12","95/7865",0.0105263157894737,6.89912280701754,2.26117048136177,0.135782811687586,0.220357586970814,0.164973594523604,"SERPING1",1
"DOID:0050615","DOID:0050615","respiratory system cancer","2/12","430/7865",0.00465116279069767,3.0484496124031,1.70770796386789,0.137107465592793,0.220357586970814,0.164973594523604,"MPO/HP",2
"DOID:15","DOID:15","reproductive system disease","2/12","433/7865",0.0046189376443418,3.02732871439569,1.69632805976135,0.138679435483728,0.220357586970814,0.164973594523604,"SLC26A8/SLPI",2
"DOID:520","DOID:520","aortic disease","1/12","98/7865",0.0102040816326531,6.68792517006803,2.21480163881681,0.139781239868624,0.220357586970814,0.164973594523604,"MMP8",1
"DOID:26","DOID:26","pancreas disease","1/12","100/7865",0.01,6.55416666666667,2.18495629521906,0.142437430027129,0.220357586970814,0.164973594523604,"SERPING1",1
"DOID:3069","DOID:3069","malignant astrocytoma","1/12","100/7865",0.01,6.55416666666667,2.18495629521906,0.142437430027129,0.220357586970814,0.164973594523604,"SERPING1",1
"DOID:0111910","DOID:0111910","spermatogenic failure","1/12","101/7865",0.0099009900990099,6.48927392739274,2.17033814696927,0.143762703799141,0.220357586970814,0.164973594523604,"SLC26A8",1
"DOID:8618","DOID:8618","oral cavity cancer","1/12","101/7865",0.0099009900990099,6.48927392739274,2.17033814696927,0.143762703799141,0.220357586970814,0.164973594523604,"HP",1
"DOID:1398","DOID:1398","parasitic infectious disease","1/12","103/7865",0.00970873786407767,6.36326860841424,2.14168659364209,0.146407620836257,0.222587195905529,0.166642820464032,"HP",1
"DOID:2723","DOID:2723","dermatitis","1/12","108/7865",0.00925925925925926,6.06867283950617,2.07326023994764,0.152987181482232,0.230714539815946,0.17272746296381,"TNFAIP6",1
"DOID:1247","DOID:1247","blood coagulation disease","1/12","116/7865",0.00862068965517241,5.65014367816092,1.97227337810404,0.163417842738823,0.24063592864154,0.180155240694201,"ELANE",1
"DOID:720","DOID:720","normocytic anemia","1/12","116/7865",0.00862068965517241,5.65014367816092,1.97227337810404,0.163417842738823,0.24063592864154,0.180155240694201,"HP",1
"DOID:0060180","DOID:0060180","colitis","1/12","117/7865",0.00854700854700855,5.60185185185185,1.96031261549962,0.164713362920413,0.24063592864154,0.180155240694201,"HP",1
"DOID:3770","DOID:3770","pulmonary fibrosis","1/12","117/7865",0.00854700854700855,5.60185185185185,1.96031261549962,0.164713362920413,0.24063592864154,0.180155240694201,"ELANE",1
"DOID:684","DOID:684","hepatocellular carcinoma","2/12","488/7865",0.00409836065573771,2.68613387978142,1.5033380537107,0.168242379384408,0.242496282062419,0.181548018656356,"MPO/HP",2
"DOID:686","DOID:686","liver carcinoma","2/12","490/7865",0.00408163265306122,2.67517006802721,1.49682321010575,0.16934136889899,0.242496282062419,0.181548018656356,"MPO/HP",2
"DOID:13580","DOID:13580","cholestasis","1/12","121/7865",0.00826446280991736,5.41666666666667,1.91381173515391,0.169877074599876,0.242496282062419,0.181548018656356,"HP",1
"DOID:0070004","DOID:0070004","myeloid neoplasm","1/12","131/7865",0.00763358778625954,5.00318066157761,1.80606480979794,0.182658597821328,0.256673934897243,0.192162304201145,"ELANE",1
"DOID:1380","DOID:1380","endometrial cancer","1/12","131/7865",0.00763358778625954,5.00318066157761,1.80606480979794,0.182658597821328,0.256673934897243,0.192162304201145,"MMP8",1
"DOID:403","DOID:403","mouth disease","1/12","132/7865",0.00757575757575758,4.96527777777778,1.79589587688087,0.183926776878239,0.256673934897243,0.192162304201145,"ELANE",1
"DOID:1100","DOID:1100","ovarian disease","1/12","134/7865",0.00746268656716418,4.89116915422886,1.77586214534804,0.186457725465741,0.257626872708502,0.192875733578558,"SLPI",1
"DOID:363","DOID:363","uterine cancer","1/12","136/7865",0.00735294117647059,4.81924019607843,1.75622174325287,0.188981476891912,0.257626872708502,0.192875733578558,"MMP8",1
"DOID:4138","DOID:4138","bile duct disease","1/12","136/7865",0.00735294117647059,4.81924019607843,1.75622174325287,0.188981476891912,0.257626872708502,0.192875733578558,"HP",1
"DOID:9741","DOID:9741","biliary tract disease","1/12","137/7865",0.0072992700729927,4.78406326034063,1.74654464586477,0.190240659486983,0.257626872708502,0.192875733578558,"HP",1
"DOID:0112202","DOID:0112202","developmental and epileptic encephalopathy","1/12","138/7865",0.0072463768115942,4.7493961352657,1.73696069542213,0.191498049767282,0.257626872708502,0.192875733578558,"CACNA1E",1
"DOID:10591","DOID:10591","pre-eclampsia","1/12","141/7865",0.00709219858156028,4.6483451536643,1.70875153908318,0.195259489901532,0.25896116745806,0.193874670824216,"HP",1
"DOID:7148","DOID:7148","rheumatoid arthritis","1/12","141/7865",0.00709219858156028,4.6483451536643,1.70875153908318,0.195259489901532,0.25896116745806,0.193874670824216,"MMP8",1
"DOID:783","DOID:783","end stage renal disease","1/12","144/7865",0.00694444444444444,4.55150462962963,1.68132407483486,0.199004882544606,0.262069810111559,0.196201996874964,"MPO",1
"DOID:0080208","DOID:0080208","metabolic dysfunction-associated steatotic liver disease","1/12","151/7865",0.00662251655629139,4.34050772626932,1.62015182247819,0.20768207448154,0.271015098301151,0.202899004075728,"HP",1
"DOID:0050951","DOID:0050951","hereditary ataxia","1/12","152/7865",0.00657894736842105,4.31195175438596,1.61171670299451,0.208914614681983,0.271015098301151,0.202899004075728,"CACNA1E",1
"DOID:2349","DOID:2349","arteriosclerosis","1/12","153/7865",0.0065359477124183,4.28376906318083,1.6033538858423,0.210145397078433,0.271015098301151,0.202899004075728,"HP",1
"DOID:12336","DOID:12336","male infertility","1/12","165/7865",0.00606060606060606,3.97222222222222,1.50824697568506,0.224778504135733,0.285942722948177,0.214074765843555,"SLC26A8",1
"DOID:4960","DOID:4960","bone marrow cancer","1/12","165/7865",0.00606060606060606,3.97222222222222,1.50824697568506,0.224778504135733,0.285942722948177,0.214074765843555,"ELANE",1
"DOID:9744","DOID:9744","type 1 diabetes mellitus","1/12","180/7865",0.00555555555555556,3.6412037037037,1.40123440108114,0.242720337613366,0.306680426579051,0.229600319363995,"HP",1
"DOID:6432","DOID:6432","pulmonary hypertension","1/12","184/7865",0.00543478260869565,3.56204710144928,1.37461701513232,0.247440108295364,0.310545639270021,0.232494061485577,"HP",1
"DOID:2355","DOID:2355","anemia","1/12","187/7865",0.0053475935828877,3.50490196078431,1.35513342907603,0.250962223785027,0.312866238985333,0.234231408866025,"HP",1
"DOID:0050701","DOID:0050701","electroclinical syndrome","1/12","194/7865",0.00515463917525773,3.37843642611684,1.31117601993979,0.259121809391606,0.31825713691847,0.238267375233079,"CACNA1E",1
"DOID:2394","DOID:2394","ovarian cancer","1/12","194/7865",0.00515463917525773,3.37843642611684,1.31117601993979,0.259121809391606,0.31825713691847,0.238267375233079,"MMP8",1
"DOID:0050589","DOID:0050589","inflammatory bowel disease","1/12","197/7865",0.0050761421319797,3.32698815566836,1.29294726085469,0.262593766131239,0.31825713691847,0.238267375233079,"HP",1
"DOID:9452","DOID:9452","steatotic liver disease","1/12","198/7865",0.00505050505050505,3.31018518518519,1.28694869752333,0.263747766497231,0.31825713691847,0.238267375233079,"HP",1
"DOID:3070","DOID:3070","high grade glioma","1/12","199/7865",0.0050251256281407,3.29355108877722,1.28098819034723,0.264900111195552,0.31825713691847,0.238267375233079,"SERPING1",1
"DOID:0060085","DOID:0060085","organ system benign neoplasm","1/12","201/7865",0.00497512437810945,3.26077943615257,1.26917950852063,0.267199842225667,0.31825713691847,0.238267375233079,"HP",1
"DOID:2921","DOID:2921","glomerulonephritis","1/12","201/7865",0.00497512437810945,3.26077943615257,1.26917950852063,0.267199842225667,0.31825713691847,0.238267375233079,"MPO",1
"DOID:229","DOID:229","female reproductive system disease","1/12","216/7865",0.00462962962962963,3.03433641975309,1.18506424743192,0.284238736916967,0.336409137996664,0.251857108660604,"SLPI",1
"DOID:10952","DOID:10952","nephritis","1/12","219/7865",0.0045662100456621,2.9927701674277,1.16911356695168,0.287602622492267,0.337442310162026,0.252630606538415,"MPO",1
"DOID:224","DOID:224","transient cerebral ischemia","1/12","220/7865",0.00454545454545455,2.97916666666667,1.1638567780277,0.28872069318676,0.337442310162026,0.252630606538415,"ELANE",1
"DOID:12930","DOID:12930","dilated cardiomyopathy","1/12","223/7865",0.00448430493273543,2.93908819133034,1.14826215973627,0.292065261277175,0.33923107986852,0.253969792414935,"HP",1
"DOID:0060041","DOID:0060041","autism spectrum disorder","1/12","225/7865",0.00444444444444444,2.91296296296296,1.13800905623909,0.294286957691323,0.339701611656033,0.254322062202378,"TSHZ3",1
"DOID:0060040","DOID:0060040","pervasive developmental disorder","1/12","231/7865",0.00432900432900433,2.83730158730159,1.10791116520512,0.300913756109735,0.345220076027732,0.258453532854987,"TSHZ3",1
"DOID:48","DOID:48","male reproductive system disease","1/12","251/7865",0.00398406374501992,2.61122177954847,1.01409893120442,0.322593302329108,0.367835045948435,0.275384526378507,"SLC26A8",1
"DOID:0060072","DOID:0060072","benign neoplasm","1/12","261/7865",0.00383141762452107,2.51117496807152,0.970529023378046,0.333200356279527,0.375352208579949,0.281012348669481,"HP",1
"DOID:9455","DOID:9455","lipid storage disease","1/12","261/7865",0.00383141762452107,2.51117496807152,0.970529023378046,0.333200356279527,0.375352208579949,0.281012348669481,"HP",1
"DOID:8466","DOID:8466","retinal degeneration","1/12","271/7865",0.003690036900369,2.41851168511685,0.928916855640545,0.343654963059724,0.384811246060888,0.288093981008152,"SERPING1",1
"DOID:9799","DOID:9799","eye degenerative disease","1/12","273/7865",0.00366300366300366,2.40079365079365,0.920814109125024,0.345727766681034,0.38482793076996,0.288106472234195,"SERPING1",1
"DOID:1793","DOID:1793","pancreatic cancer","1/12","276/7865",0.0036231884057971,2.37469806763285,0.908791305662467,0.348825722943339,0.385978758523103,0.288968054509275,"MPO",1
"DOID:5295","DOID:5295","intestinal disease","1/12","279/7865",0.003584229390681,2.34916367980884,0.896922462074225,0.351910227573681,0.387101250331049,0.289808422707738,"HP",1
"DOID:3211","DOID:3211","lysosomal storage disease","1/12","297/7865",0.00336700336700337,2.20679012345679,0.828731767560217,0.37013773258633,0.404770502886806,0.303036740129159,"HP",1
"DOID:170","DOID:170","endocrine gland cancer","1/12","317/7865",0.00315457413249211,2.06756046267087,0.758404224206349,0.389838552597657,0.423836100789313,0.31731044978879,"MPO",1
"DOID:120","DOID:120","female reproductive organ cancer","1/12","329/7865",0.00303951367781155,1.99214792299899,0.718618690159424,0.401386247594501,0.433868371677293,0.32482124082792,"MMP8",1
"DOID:2316","DOID:2316","brain ischemia","1/12","333/7865",0.003003003003003,1.96821821821822,0.705723839039807,0.405190732173808,0.435463602968402,0.326015531634098,"ELANE",1
"DOID:0060036","DOID:0060036","intrinsic cardiomyopathy","1/12","362/7865",0.00276243093922652,1.81054327808471,0.617173964766099,0.432117318933687,0.459124651367042,0.343729685515433,"HP",1
"DOID:326","DOID:326","ischemia","1/12","362/7865",0.00276243093922652,1.81054327808471,0.617173964766099,0.432117318933687,0.459124651367042,0.343729685515433,"ELANE",1
"DOID:28","DOID:28","endocrine system disease","1/12","401/7865",0.00249376558603491,1.63445552784705,0.509779225660447,0.466568259337211,0.49292804800033,0.36903704128367,"SERPING1",1
"DOID:10652","DOID:10652","Alzheimer's disease","1/12","409/7865",0.00244498777506112,1.60248573757131,0.48915900340668,0.473393818776942,0.49720343015025,0.372237862144572,"MPO",1
"DOID:2531","DOID:2531","hematologic cancer","1/12","412/7865",0.00242718446601942,1.59081715210356,0.481538171148573,0.47593269517056,0.49720343015025,0.372237862144572,"ELANE",1
"DOID:680","DOID:680","tauopathy","1/12","418/7865",0.00239234449760766,1.56798245614035,0.466473484150479,0.480976818337135,0.499681472383579,0.374093080928882,"MPO",1
"DOID:1612","DOID:1612","breast cancer","1/12","437/7865",0.0022883295194508,1.49980930587338,0.420246094031754,0.496657739885118,0.510302183288556,0.382044415296245,"MMP8",1
"DOID:5093","DOID:5093","thoracic cancer","1/12","437/7865",0.0022883295194508,1.49980930587338,0.420246094031754,0.496657739885118,0.510302183288556,0.382044415296245,"MMP8",1
"DOID:0050700","DOID:0050700","cardiomyopathy","1/12","447/7865",0.00223713646532438,1.46625652498136,0.396761794939347,0.504735277362933,0.515403773522342,0.385863787663785,"HP",1
"DOID:9352","DOID:9352","type 2 diabetes mellitus","1/12","450/7865",0.00222222222222222,1.45648148148148,0.389823861966766,0.507135263786689,0.515403773522342,0.385863787663785,"HP",1
"DOID:0050687","DOID:0050687","cell type cancer","1/12","464/7865",0.0021551724137931,1.41253591954023,0.3580718115803,0.51819487828505,0.523796985077321,0.392147475458957,"SERPING1",1
"DOID:654","DOID:654","overnutrition","1/12","492/7865",0.00203252032520325,1.33214769647696,0.297431016940944,0.539634631964337,0.539634631964337,0.404004537299504,"HP",1
"DOID:9970","DOID:9970","obesity","1/12","492/7865",0.00203252032520325,1.33214769647696,0.297431016940944,0.539634631964337,0.539634631964337,0.404004537299504,"HP",1
